{
  "map": [[1, 1, 1, 1, 1, 1, 1, 1, 1, 1, 1, 1, 1],
          [1, 1, 0, 0, 0, 0, 0, 0, 0, 0, 0, 0, 1],
          [1, 1, 0, 1, 0, 1, 1, 1, 1, 0, 1, 0, 1],
          [1, 1, 2, 1, 0, 1, 1, 1, 1, 0, 1, 1, 1],
          [1, 1, 0, 1, 0, 0, 0, 0, 0, 0, 0, 0, 1],
          [1, 1, 0, 1, 1, 0, 1, 1, 1, 1, 1, 0, 1],
          [1, 1, 0, 0, 0, 0, 0, 0, 0, 0, 0, 0, 1],
          [1, 1, 1, 1, 1, 1, 1, 1, 1, 1, 1, 1, 1]],
  "player": [4, 11],
  "boxes": [[2, 2], [4, 2]],
  "points": [],
  "random_enemies": [],
  "chase_enemies": [],
  "mice": []
}
