{
    "map":
        [[1, 1, 1, 1, 1, 1, 1, 1, 1, 1, 1, 1, 1, 1],
        [1, 0, 0, 0, 0, 0, 0, 0, 0, 0, 0, 0, 0, 1],
        [1, 0, 0, 0, 0, 0, 0, 0, 0, 0, 0, 2, 0, 1],
        [1, 0, 0, 0, 0, 1, 1, 1, 1, 1, 1, 1, 1, 1],
        [1, 0, 0, 0, 0, 0, 0, 0, 0, 0, 0, 1, 1, 1],
        [1, 0, 0, 0, 0, 0, 0, 0, 0, 0, 0, 1, 1, 1],
        [1, 0, 2, 0, 1, 1, 1, 1, 1, 1, 0, 1, 1, 1],
        [1, 1, 1, 1, 1, 1, 1, 1, 1, 1, 1, 1, 1, 1]],
    "player": [6, 10],
    "boxes": [[2, 9], [5, 8]],
    "points": [],
    "random_enemies": [],
    "chase_enemies": [],
    "mice": []
}
